timestamp,latency_ms,down_mbps,up_mbps,jitter_ms,packet_loss_pct,rssi_dbm
1730300000000.0,34.43525827169914,136.31023584342043,62.07638107376368,8.0,0.2614470663940884,-57.0
1730300002000.0,15.089880378115677,212.05457754545705,55.67198005084249,8.0,0.813930056127657,-49.0
1730300004000.0,32.677148226669296,191.6845064403278,56.9347303114756,3.0,1.3641256779094693,-56.0
1730300006000.0,35.81839955628718,251.77669158851236,28.83810565491268,9.0,0.604430529592727,-49.0
1730300008000.0,34.28839018945411,202.27552635577973,64.0757181885391,9.0,0.7123844631468069,-45.0
1730300010000.0,31.26245452495877,108.2695261046848,68.99213508915885,4.0,0.5144321176336348,-50.0
1730300012000.0,38.26805602211455,122.55347707243212,56.91986622585223,8.0,0.5131000559876326,-46.0
1730300014000.0,49.98295859936405,178.94455326853625,60.08189152039012,4.0,0.7148514600846412,-51.0
1730300016000.0,28.768939948744915,191.0575010973541,55.53069053070017,7.0,0.4126354373777377,-49.0
1730300018000.0,17.984997131123023,164.34032771064315,61.58049761155594,10.0,0.7646067041440083,-46.0
1730300020000.0,34.633552474667866,194.40429191356367,63.310882752396566,4.0,1.2779595854824302,-57.0
1730300022000.0,37.95632462447959,202.9964711599289,55.30691953694144,6.0,0.0,-55.0
1730300024000.0,26.03730809921718,158.17374745502136,53.23531198334575,3.0,0.569353317170439,-48.0
1730300026000.0,44.99767953007592,124.30233619211862,61.12387856928379,8.0,0.5202673194177515,-53.0
1730300028000.0,20.04944042944881,157.8618068865221,60.13144966631928,6.0,0.9605090080338226,-47.0
1730300030000.0,23.1925712673319,128.8076845106106,51.93247477502536,5.0,1.3499627332009074,-57.0
1730300032000.0,40.87667441363314,166.1363203569199,67.32491528130448,12.0,0.6607921496215476,-51.0
1730300034000.0,27.715042920596066,234.94571354121572,60.93987473885959,12.0,0.2259170441526204,-57.0
1730300036000.0,36.60733864926547,201.27709318718505,58.8203485323647,4.0,0.0809999808095665,-56.0
1730300038000.0,33.69170903419594,178.5906805065984,58.02848334875027,12.0,0.2406083261414069,-53.0
1730300040000.0,39.14314045889617,230.00646627212245,71.42047248722328,10.0,0.0,-60.0
1730300042000.0,17.125048568105537,189.9883195130577,59.17790908495894,7.0,0.7385180396414117,-48.0
1730300044000.0,30.023830733487436,190.3526455600524,70.51962036784894,10.0,0.885584507321614,-51.0
1730300046000.0,30.207914672348064,161.47284153957392,64.58903578189717,5.0,0.0,-47.0
1730300048000.0,13.636353923710695,113.07840301562864,54.65589299732121,7.0,0.593989572158712,-58.0
1730300050000.0,23.57781128410677,200.65635879888936,54.29663687915954,9.0,0.2560248251516692,-53.0
1730300052000.0,37.70084070490686,179.65478823340575,57.11317113080418,10.0,0.612316072927843,-48.0
1730300054000.0,44.831725613812,149.999259369468,57.017623624834485,9.0,0.9518929005482188,-50.0
1730300056000.0,18.998753029931656,238.5279775435835,57.03286741379707,9.0,0.2498082218145891,-56.0
1730300058000.0,44.18653502201867,203.734622242972,55.16655016194076,4.0,1.8481152310984377,-60.0
1730300060000.0,35.37255242819318,143.3439150949344,74.41546040860763,12.0,0.5077755075290386,-54.0
1730300062000.0,44.46838762772104,234.0569891089896,55.84204059501741,8.0,1.0080736443411094,-49.0
1730300064000.0,37.38062000684693,190.00597995397783,71.20563104806357,3.0,0.5927296368045717,-60.0
1730300066000.0,22.71803151885289,139.60378068792497,54.52564509898153,4.0,0.4001103139596257,-58.0
1730300068000.0,36.59480586273622,162.7642156648963,59.47816287551969,8.0,0.7583989220322014,-47.0
1730300070000.0,24.379609865585845,277.50435379598247,70.1727808878541,12.0,1.3424367238546244,-51.0
1730300072000.0,34.54668981463224,195.9432381366824,51.65150342367173,8.0,1.2073713204859096,-47.0
1730300074000.0,50.42027329596227,184.10285351595783,76.1173731850497,7.0,0.9543547265176509,-55.0
1730300076000.0,35.33953999428876,206.3927168800592,64.41807623847646,10.0,0.7716910110094356,-45.0
1730300078000.0,31.00840035078203,209.66002165467265,61.076311191576174,10.0,0.6639076971773623,-60.0
1730300080000.0,21.126453432363142,161.5990829949652,54.12009309602836,10.0,0.9116983211339617,-50.0
1730300082000.0,20.451772750060503,165.5759054912915,55.2183779771673,6.0,0.7496260300263033,-45.0
1730300084000.0,41.22811073224791,201.38529738105655,60.8701789482872,10.0,0.828115848126319,-50.0
1730300086000.0,38.31757207880044,176.45888878328583,71.23315616889047,9.0,0.6577141341296332,-60.0
1730300088000.0,27.507791252070124,148.92936966211653,42.343524691028506,7.0,0.6826815496896111,-54.0
1730300090000.0,33.46321534034877,179.51029395459403,59.20215513075591,11.0,0.0,-56.0
1730300092000.0,27.258841287988037,133.2917830848143,57.57828362421191,5.0,0.3755169384017698,-50.0
1730300094000.0,33.78187439628815,165.62017931557128,74.67466915419222,11.0,0.8314637680659975,-45.0
1730300096000.0,26.658049291640424,211.6949062522765,64.28129383563538,10.0,0.8510059272607924,-52.0
1730300098000.0,41.20394767917914,173.0480549825789,57.63961847437965,6.0,0.7172287110756493,-60.0
1730300100000.0,41.78879134891665,188.96176320366203,56.00829930619048,12.0,1.0262188465083586,-57.0
1730300102000.0,25.066116932329997,194.2250814273633,47.896268974731655,9.0,0.688298804735466,-48.0
1730300104000.0,35.002791092486234,216.5818294835143,48.96074311111538,4.0,0.6534477757021916,-52.0
1730300106000.0,10.0,106.60568952255824,60.69777012918283,9.0,1.0106207919741097,-49.0
1730300108000.0,45.06890729486711,184.74555420178095,74.65959453625585,3.0,0.0549671374444191,-54.0
1730300110000.0,40.388833314312905,196.3736486686525,66.5641022838294,7.0,0.9985472712615152,-47.0
1730300112000.0,46.209626979299856,126.44488158707723,74.4385374918558,3.0,0.3741031859985082,-60.0
1730300114000.0,22.136106466704376,154.19673072753943,66.37895069190569,9.0,1.204905822631384,-49.0
1730300116000.0,38.36664305154537,182.2642603139647,66.42755170863656,11.0,0.9232131557259672,-58.0
1730300118000.0,16.862263606487957,129.5516882923,66.94996971002331,12.0,0.5204957221083493,-50.0
1730300120000.0,10.147721755125968,163.44996840368654,62.87086075798336,7.0,0.5842444487177623,-55.0
1730300122000.0,40.82379245864874,178.22405265757166,71.34522633944087,3.0,0.8495222626317396,-49.0
1730300124000.0,50.218256212780375,226.95272183547263,54.966659959800346,8.0,0.6459779746121785,-46.0
1730300126000.0,39.60505963557296,191.87368202899177,69.05490319141087,5.0,1.2256715707399106,-46.0
1730300128000.0,44.0791257116628,205.58589673188808,39.91151038358023,9.0,1.1706151385124357,-48.0
1730300130000.0,41.80310831240431,202.50310036889124,45.037053229102575,11.0,0.9578842213487466,-50.0
1730300132000.0,40.88078382820905,189.5054372823446,53.975520033882304,9.0,0.7256766070160857,-51.0
1730300134000.0,31.056469561795485,126.33680614994822,52.71640349142027,8.0,0.5951893756619253,-47.0
1730300136000.0,33.17402335204636,191.00757327292305,60.70818890537725,3.0,1.220317955953648,-50.0
1730300138000.0,24.19271978620604,187.6166457805096,61.627954880198885,10.0,0.6228492568814721,-60.0
1730300140000.0,42.50638845672051,155.91502723560836,61.90824887992401,3.0,0.540127047446641,-55.0
1730300142000.0,38.29240783355337,224.00313957889185,50.287856207788685,11.0,0.5335713659647059,-49.0
1730300144000.0,37.17476229618848,180.8528359935456,72.32782377724368,3.0,0.0320652892868904,-49.0
1730300146000.0,47.64642970194195,163.2073819799498,55.19693092669806,6.0,0.4577148570061712,-56.0
1730300148000.0,63.407279240776624,186.3271677964012,60.460858659247805,11.0,0.6507292671130528,-60.0
1730300150000.0,40.34578174556268,173.47211456474275,70.9270891275946,8.0,1.1174841862447773,-52.0
1730300152000.0,41.324355673363655,146.75833145902374,74.0438926055708,5.0,0.7461558622981128,-60.0
1730300154000.0,41.17091227815268,124.1166613004361,53.24635597611304,6.0,0.7196282755169083,-51.0
1730300156000.0,39.170153644228726,151.20451864603916,63.575594102325525,8.0,0.8075035542818423,-46.0
1730300158000.0,26.55097538959489,135.7766862082607,48.44004750955996,4.0,1.1263233637399683,-47.0
1730300160000.0,32.81674669678412,159.77195892082088,53.98202008418706,7.0,0.4016341217376639,-55.0
1730300162000.0,35.859387086219776,151.69639973456268,54.64673983144209,7.0,0.873678212054224,-56.0
1730300164000.0,13.24572097490586,203.9800089229836,55.56821403936164,3.0,0.433750006462867,-47.0
1730300166000.0,27.498075687151967,225.07812878528028,64.6086095515709,6.0,0.5002158214979764,-57.0
1730300168000.0,24.362519016734943,157.17139717543628,59.35432949991411,3.0,0.0,-55.0
1730300170000.0,36.73928687188482,101.24270707570903,67.29327588131832,7.0,0.8737031971860562,-53.0
1730300172000.0,52.52623293929315,167.34855964653835,66.76361602369911,12.0,1.131457287115424,-47.0
1730300174000.0,28.18034456601733,188.1635883660723,50.57070079810883,9.0,0.84583506569824,-45.0
1730300176000.0,42.680362293353454,174.51585553342517,81.38967050517391,7.0,0.359377307405511,-53.0
1730300178000.0,45.773615620334525,149.66325367075603,66.33279096703238,6.0,0.392849435888998,-58.0
1730300180000.0,41.18041725657082,192.3237833585072,57.16052304869548,12.0,1.0374032746977864,-51.0
1730300182000.0,30.025783080812765,250.7397269905213,49.4210077790986,10.0,0.7578943586250231,-56.0
1730300184000.0,51.46459675234367,203.0821114706753,68.12864649122514,10.0,0.0,-55.0
1730300186000.0,44.58917132792196,161.73120879652376,64.29383348912735,7.0,1.2887238409414228,-56.0
1730300188000.0,30.797605452341017,143.0623976310222,53.80325223941095,10.0,0.3034828622687198,-52.0
1730300190000.0,46.46845067027205,118.67400535328228,55.8891652196569,7.0,0.5532653218955337,-53.0
1730300192000.0,43.9746185329012,220.5446789469873,43.66957992355759,9.0,0.7271559805107922,-60.0
1730300194000.0,21.71590254577917,193.8642515681125,71.503413093668,4.0,0.2477035249455814,-48.0
1730300196000.0,32.41604862526834,187.44509041528667,65.70726851652547,7.0,1.2547707006108042,-45.0
1730300198000.0,29.411668519297628,138.1401596450135,59.83275906420485,7.0,1.030687475104447,-50.0
1730300200000.0,32.17026800526024,177.9429560206364,66.01902379986622,10.0,0.4494294047067967,-47.0
1730300202000.0,45.58328106353322,167.00658677219153,46.35091565107716,7.0,1.2666248270997804,-53.0
1730300204000.0,32.228991126053224,188.64400874114816,59.441455051079465,10.0,0.6474109087800902,-55.0
1730300206000.0,48.91223169948065,185.1992636463743,63.13567103903082,9.0,0.849957599036177,-51.0
1730300208000.0,39.86650782122311,148.1926354866991,75.19038612843266,5.0,0.5558194764480325,-46.0
1730300210000.0,41.91607279709472,178.02389528404422,57.17785882013537,12.0,0.2588861466307437,-50.0
1730300212000.0,34.766180194652144,192.8791510511696,51.85218804292561,8.0,0.9319973759823788,-48.0
1730300214000.0,38.629771144409744,178.6272459874272,89.26697356790899,6.0,0.362061387343117,-46.0
1730300216000.0,29.605843431300165,115.06547982090188,67.26735745524113,11.0,1.1363857113570013,-46.0
1730300218000.0,38.42557298322982,161.07251474588088,67.2196686346837,11.0,1.0196396822633926,-46.0
1730300220000.0,31.86238285981497,214.0507148676196,54.5041037713935,4.0,0.3266981341971453,-51.0
1730300222000.0,29.359369110472382,157.43868967213697,58.82364833413882,10.0,1.1745819369462864,-58.0
1730300224000.0,25.163383005929795,196.87704229361952,49.79055532661464,9.0,0.918773241827507,-59.0
1730300226000.0,51.85250877046514,202.38600245559053,58.51344217325488,8.0,0.0,-58.0
1730300228000.0,40.90587861625627,139.72040051383587,78.3184864459931,10.0,0.4447819160986097,-54.0
1730300230000.0,26.068956983691084,196.39153322454567,63.51837265844912,3.0,0.1555061383469955,-58.0
1730300232000.0,36.79482036207839,171.64412778992948,59.70935465672523,4.0,0.591327242671889,-60.0
1730300234000.0,41.44346728083894,172.3476005090975,63.25178914667373,5.0,1.2266023710433016,-55.0
1730300236000.0,36.602032875184,168.32584479597358,62.51871508950741,10.0,1.3806097572940177,-51.0
1730300238000.0,36.40478794129846,213.500495998179,55.72626022475454,10.0,1.2099196046348002,-57.0
1730300240000.0,44.92332863349082,131.20188985883078,69.68692046530543,6.0,1.0618582075895509,-58.0
1730300242000.0,35.604914846711765,206.6237983475686,42.22538238243885,5.0,0.5416307691412562,-59.0
1730300244000.0,52.14556327340905,196.68490352579516,45.0992307040091,6.0,0.373874614279344,-47.0
1730300246000.0,31.2771746818032,164.47196437657178,55.64399910931081,7.0,1.603854287687969,-55.0
1730300248000.0,42.21502417414749,208.2252839221009,59.86554819895729,3.0,0.0,-51.0
1730300250000.0,24.57607442483012,172.16533261727534,55.884162925441885,4.0,0.6613200769224441,-51.0
1730300252000.0,35.05929872037169,109.64150009861608,62.24912966882899,10.0,0.951433491811311,-52.0
1730300254000.0,31.262065127205297,271.3198771337144,60.24544778508949,10.0,0.3661581723001212,-49.0
1730300256000.0,39.18171134067579,202.0406505234577,58.72430292850376,3.0,0.843661706525566,-59.0
1730300258000.0,38.05692098247497,162.33116527650037,72.90789846182923,9.0,0.5920457984473861,-50.0
1730300260000.0,30.16426980822938,185.08235643372268,65.49293124303287,11.0,0.3058336172591765,-53.0
1730300262000.0,33.610966933418155,228.1449057690832,46.98486284648983,4.0,0.2571091180700378,-45.0
1730300264000.0,46.64678107288945,186.6752189571413,53.70013770103264,5.0,0.2092333087735001,-52.0
1730300266000.0,50.01449909642933,173.27879303764226,59.14361011634156,4.0,1.1129965443660523,-55.0
1730300268000.0,38.65699093331616,197.71238318073435,75.0488532401717,12.0,1.1927210707017275,-53.0
1730300270000.0,31.84764218705659,167.3346898883312,62.30396090456731,8.0,1.129740034075802,-60.0
1730300272000.0,37.08674898316096,146.85151268133666,73.54228454007624,6.0,0.4501638796424495,-56.0
1730300274000.0,29.604174621329403,184.47535680601777,52.244162272053366,11.0,0.8406437176605025,-48.0
1730300276000.0,36.241799184362414,199.1252978906596,76.2613656381546,11.0,1.0292683231958868,-52.0
1730300278000.0,40.33909933970094,179.5318334456379,50.82198768706505,3.0,0.8392365905499934,-45.0
1730300280000.0,43.87690625904729,136.52956661545022,55.16428961986108,3.0,0.0,-58.0
1730300282000.0,17.455297168316385,208.66739265096504,52.12648678079253,5.0,0.6601785607004904,-52.0
1730300284000.0,59.69629965809825,186.2228530610126,50.77132992986607,6.0,1.300832345633336,-54.0
1730300286000.0,52.70632729521955,172.4626732838049,56.42258430653244,12.0,0.4968319833295632,-53.0
1730300288000.0,32.628648159217235,188.9472377117386,43.34577438117155,6.0,0.9095187366694532,-50.0
1730300290000.0,38.76359731323868,159.68703890913753,48.52563242327327,11.0,1.515580106088662,-59.0
1730300292000.0,24.44440552688696,204.5806222102194,60.677234212640776,10.0,1.2334046524677666,-51.0
1730300294000.0,45.451291318323904,214.27736274652477,61.97822585711214,8.0,1.2949245660384958,-52.0
1730300296000.0,44.04044364669646,208.51455910627797,65.15727508606916,4.0,1.060022349845796,-52.0
1730300298000.0,23.841869673068025,201.5135335353144,67.47813643311758,11.0,0.1245981030361739,-45.0
1730300300000.0,34.01196486477761,188.6944621723972,57.67520779179632,10.0,0.9955713803861708,-56.0
1730300302000.0,25.482298416398944,139.60380459221648,82.84187852004919,12.0,0.0,-59.0
1730300304000.0,41.522499010654926,160.33302302073946,64.35302261849742,8.0,1.4839667801111092,-56.0
1730300306000.0,19.97291476849604,92.92604590360898,61.74334449213358,4.0,0.1656306561868656,-55.0
1730300308000.0,35.197099891738226,153.22285043345457,73.44241257197031,10.0,1.373982242388629,-56.0
1730300310000.0,37.45297955307249,208.989674855876,63.42202634693486,11.0,0.4577928105917008,-58.0
1730300312000.0,15.672795165624455,166.7476556386018,45.140771214349,10.0,0.4397956044411857,-58.0
1730300314000.0,35.772458025841615,119.79537305137212,69.58607757049114,5.0,0.2903238607792255,-56.0
1730300316000.0,27.781698015838515,238.4854281182565,48.11402823045896,5.0,1.1206989021378235,-59.0
1730300318000.0,40.35329777200691,177.61109126103773,39.3806191802285,4.0,0.4790316345318266,-60.0
1730300320000.0,36.76901369212253,208.68094690769595,47.73152474558368,3.0,0.5360926296704946,-54.0
1730300322000.0,46.57690217423816,187.349450103114,69.35841977529397,4.0,0.9259150313944162,-50.0
1730300324000.0,31.562056065749065,164.7636766316879,73.15651381078948,7.0,0.9500633428819788,-53.0
1730300326000.0,21.291354107067363,196.5593950853216,49.0850514355716,10.0,1.0767641954495772,-56.0
1730300328000.0,21.450374289880685,227.42162534771072,60.39592358991271,9.0,0.422652841379054,-50.0
1730300330000.0,24.36913194239139,194.81155663336423,58.50929074655983,12.0,1.206834483781983,-51.0
1730300332000.0,60.7697774132405,111.9561673749543,60.09845903939304,5.0,0.787670280608952,-52.0
1730300334000.0,32.347792820584154,215.30838437812497,88.86009972941254,3.0,0.4958387360552982,-50.0
1730300336000.0,33.71658753808818,177.65357143146886,39.99176155010956,8.0,0.9447722849730612,-49.0
1730300338000.0,34.14982725240039,171.32570336701824,71.10933064149239,6.0,0.217027695463297,-60.0
1730300340000.0,51.739901158877984,160.3575434768648,53.65340878883601,10.0,0.8767767581786372,-51.0
1730300342000.0,28.833985394565595,161.38366885641568,50.26978777720424,7.0,0.2723067519299362,-60.0
1730300344000.0,32.36809979477235,202.7908499154761,72.12152299349626,9.0,0.68599659331969,-56.0
1730300346000.0,30.695642303829008,159.7831272091525,69.66219798153817,9.0,0.724864162206176,-50.0
1730300348000.0,29.90810564229885,126.42744599293788,60.48087883857952,6.0,0.6801959439571844,-45.0
1730300350000.0,44.19475510823435,208.2817843669496,50.40550616575388,11.0,0.0,-52.0
1730300352000.0,36.3591289966344,181.2227399441759,74.25675849393272,10.0,0.5941224609008384,-46.0
1730300354000.0,27.817512423979764,173.99483583636714,40.01852747907595,6.0,0.5192311977366753,-58.0
1730300356000.0,14.869747845004436,174.06486489968634,52.41250572110454,6.0,0.52427529143675,-59.0
1730300358000.0,31.05023040860141,218.575471329053,67.56848999369595,4.0,0.0192166092509777,-50.0
1730300360000.0,45.48938713921432,177.6467645868981,47.419112282145086,6.0,1.4749552366633538,-48.0
1730300362000.0,31.550462713514374,193.05631421204285,55.12600017924561,3.0,0.6858003262798089,-45.0
1730300364000.0,28.761371889561488,196.4013618568635,67.98683522796999,7.0,0.5436471939551323,-50.0
1730300366000.0,38.622636895535656,201.94805280559805,57.45903882660994,9.0,0.8138182158316382,-53.0
1730300368000.0,30.443141234717967,164.7634021255388,55.17966801438331,12.0,1.2705877976797504,-50.0
1730300370000.0,36.152044243795125,170.44965308735988,63.45390608628066,3.0,1.0174650969816827,-45.0
1730300372000.0,21.48356087996416,182.9865209965415,51.80097493824911,12.0,0.5408776094346869,-46.0
1730300374000.0,27.92891895317945,198.8704108601076,42.06588018894912,12.0,0.9445194589537784,-49.0
1730300376000.0,30.1066423425635,286.1936018758112,56.8258109175252,10.0,1.4275996803432074,-46.0
1730300378000.0,43.520601815619656,230.82493644145305,70.9097905287523,5.0,0.3417260031871806,-49.0
1730300380000.0,29.34328115753828,227.35098970223152,48.07369734097972,11.0,0.4855821451087338,-50.0
1730300382000.0,42.525966045611696,95.58888137380004,59.79945579295064,6.0,0.6340227169120644,-48.0
1730300384000.0,40.72812413329606,214.56930258154927,83.16888953856974,4.0,1.415296077235272,-46.0
1730300386000.0,38.75490339029047,157.9662851972912,68.67113617717214,4.0,0.5445299157758333,-47.0
1730300388000.0,42.04409026497424,227.32799088030168,77.0275289779237,12.0,0.6831072825575238,-54.0
1730300390000.0,34.91140379873745,170.2845064537403,45.063208985561474,12.0,0.953950909679161,-55.0
1730300392000.0,27.562435463369784,209.6731854083912,58.32152904439644,12.0,0.9745643940098538,-47.0
1730300394000.0,45.87303453057016,183.98143467953128,36.69038178040076,7.0,1.4030372201800287,-60.0
1730300396000.0,26.416642293308715,167.9972591771439,77.52498824220986,4.0,0.5707603610023977,-52.0
1730300398000.0,24.85380574809895,156.4287081430172,48.77553659652475,9.0,0.509822991477868,-45.0
1730300244999.0562,22.52786474721958,204.7027115215457,61.062737945382466,7.159356007949752,0.5076186969134113,-54.90545459561441
1730300186195.8,30.168872815156355,165.3342122501045,56.64254009874765,10.74208178810177,0.6732710544725401,-51.59320642253044
1730300258980.2952,34.81173930438411,181.905459170729,61.039410832934564,6.094345334512824,0.4710201789324268,-54.260161240600496
1730300340042.7617,35.13223686667735,166.7897445390595,64.39463047775526,5.741936262612631,0.6222502217398527,-53.24636965763699
1730300177315.8298,31.31542069246851,167.541720401297,60.45414145282004,6.469736940312318,0.1272677916487852,-46.076354231757854
1730300177317.35,39.55433686792107,170.93422888860692,60.38824550650454,5.387437098878356,0.7849668826804795,-47.30381916634684
1730300345245.68,26.57321686749438,185.31661584758288,54.470128574865534,7.8621297730803725,0.71876075852639,-57.03549047423292
1730300270069.594,33.678141035327755,166.34381338848075,54.78166766375536,11.316602136380192,0.46331951743878996,-49.18645688544295
1730300155523.5286,35.695222960354776,213.29664919719607,48.88649550259137,8.32305084544711,0.9241766380768617,-49.254046179901145
1730300249244.6926,38.721848166478225,155.08656870299927,74.00822900995165,6.999611535899628,1.0110592726666878,-56.477705267186955
1730300156084.419,40.235962786118826,174.2448882185334,50.15161125926655,6.908862517278175,0.21656355122608628,-49.22683815565424
1730300155870.3066,26.135347585835873,167.40001415725487,54.54254456464167,3.984813466383974,0.4802899072341965,-46.5759059904621
1730300221407.3264,22.991011953973082,218.47299930944763,54.3393024461849,9.611066432095575,0.4782865781809875,-56.38290230915214
1730300021817.4395,44.58275181396496,184.62419551259396,67.19696339010451,7.400982031778856,0.4249813693277679,-55.6270806266346
1730300039261.06,37.32331186321745,207.23538937372254,57.714103967375586,7.164913785751977,0.9773159079387379,-48.49371656778213
1730300146928.4102,29.023845670437918,139.08953983989093,70.00879090725054,14.923836251106671,0.6578790814197422,-51.24421939209897
1730300105205.0571,46.6827672100913,186.53249996799488,54.6972715888473,8.26710257702351,0.6358126755086725,-50.21215913693391
1730300228101.407,35.659738326387675,203.38568035727678,62.28822568404007,5.850953843664934,0.09285252647318154,-50.98952681338309
1730300114910.891,43.82729468603075,181.53089898551417,53.407335266370254,6.599419075486312,0.9167385281942597,-50.80482447703482
1730300068211.2217,35.28994728273395,208.14590741558857,77.16079570223194,10.221313219936226,0.33153368693661006,-57.13461514251512
1730300334728.889,50.595953930263306,165.30054484766174,50.60002119110452,7.840510906510552,0.7370932104117975,-48.38439832732054
1730300178091.603,48.25073328879604,217.45434769188887,62.533901955336276,4.272100804025065,0.8049713038598124,-47.93368066244976
1730300205253.564,32.85967752489122,241.53437817282284,65.11571371297751,9.694136974519715,1.1431318856871833,-53.09057559243702
1730300067058.779,42.23216517635338,169.48148486611117,63.362571531509005,6.0433337110983985,0.30981899467312995,-52.40526386655474
1730300148586.515,39.72731412887366,167.24378134152414,58.58807000566516,11.88840234029107,-0.22419588092755594,-57.88893798371558
1730300209272.1746,45.281193126276165,218.64642500840813,59.03012130836958,10.064005304990792,0.7757755010205845,-50.34936435981749
1730300092410.2886,27.361826775059296,222.06231008736762,60.413905977315814,6.551203229626964,1.2804376410345142,-50.13629325095177
1730300233792.1519,40.03966132744457,165.14972292401066,58.89319263944591,10.52621280232053,1.105137812239247,-52.474247288320655
1730300143376.836,42.89911338049905,167.92907442561867,67.74650735373257,7.7360610619782,0.7838323907212039,-48.10043103648894
1730300171987.2058,21.266114408245734,171.67560562951977,77.68180147810102,9.541296353564087,0.5649137681170115,-53.47646883564669
1730300143277.9392,25.685232156433248,142.90936690704496,55.6217397548974,8.694838244597836,0.9703383613155407,-50.16376088017155
1730300370533.3613,19.112211347939123,154.4356830619899,49.147917730013205,5.633462167426317,0.4144792347141119,-56.00366637853877
1730300197750.0667,32.70269816242703,152.1215109342329,59.36116911123019,6.099898096901126,0.8670857809476136,-52.331817469508465
1730300101048.8865,40.28147911284378,158.51929310182794,80.62408104985091,9.948809515075972,0.8761735953724739,-52.88770119319368
1730300275173.166,46.308071048152854,178.3645655007549,53.65975334730243,6.8100493586065936,1.0493428858281466,-51.41447442480929
1730300085941.704,35.34044667540937,185.6436460125822,73.12790385549582,6.6516478683927325,1.5798485406080667,-53.60714280588861
1730300218342.1672,47.27760987709635,221.27534392411144,73.43540424027682,5.38331114018484,0.8408822461074642,-52.72963166387103
1730300017521.426,24.17367539965261,152.2781569144784,55.652849562023626,8.554236572913135,0.5595047803668098,-49.20004136746932
1730300076001.0793,21.69120111022317,205.9489707076262,64.59933089857353,12.323606329858722,0.7104010964988186,-53.85499163309085
1730300217230.6685,34.34492222300986,173.51082885995723,73.04246793777259,5.124778323819068,0.16614420013727427,-58.16713251355072
1730300267386.9495,37.72071108924177,177.96450455171993,57.043235709087476,7.635702390262899,0.5015206352859505,-45.79571865550929
1730300214869.85,34.52041000643827,197.5707640953689,58.44228389207442,10.827969662487021,0.5906215708607218,-47.15271148696902
1730300188290.1948,18.895587386580996,148.91153056608147,55.428961276961445,7.396832560854314,0.5547833842837933,-57.00851301111845
1730300171115.7817,34.08712025729679,189.65526728634748,51.97750599772786,8.62041104964067,0.7659440257306891,-49.70261282392593
1730300062078.9646,24.754453117575093,183.80932259339758,54.890240941380526,5.136598411054457,0.461655281788599,-54.0990555823983
1730300132337.6067,39.91388768706217,192.63407799687863,50.310390005606195,8.565064586847837,1.0683288839572447,-51.27373867422885
1730300156341.7656,37.58658045832216,187.13124181292432,60.3363773587755,7.14958642691304,0.7184490916074511,-51.1604368751423
1730300296896.5957,27.554137121390255,245.76816202541335,53.92834063087201,9.847082934811018,0.7154812363158556,-53.109069365264155
1730300230821.3542,30.8254894617141,162.0399362417146,61.92793252383751,10.310872212809619,0.616027815939931,-55.13410138768927
1730300035730.6777,26.63777350065284,164.92945726151024,47.66482749081082,13.535744034529841,0.7668292615969163,-54.790458674833204
1730300229012.3455,34.29016022292242,162.43514181686123,62.701738614718664,8.913099815570217,0.9759497019264061,-55.622248392765634
1730300163338.8027,42.10600974163974,164.26678214912874,66.70766446786601,8.329299780654738,0.44769838026246966,-55.31124645813145
1730300136312.4907,27.20208374251411,162.04948803695729,44.175403448886385,8.02706495169318,0.5129447572271721,-52.49263127491554
1730300255645.3196,38.642045564127905,211.49001636676272,63.04583817581191,6.76775194110902,0.6235723889025033,-54.88342021740665
1730300294477.4585,30.69962528695365,217.756361143174,69.84881582679203,8.358479856131378,0.29825318740458745,-49.730833258525855
1730300285242.7742,28.68300335579266,163.85344742141217,50.42434976354172,6.900605542308359,0.46264236425505173,-46.76274284090158
1730300121282.8386,33.94958692683203,156.77171555579065,73.39453255780705,7.967443829604717,0.5697258600292121,-54.3831807065024
1730300170364.8638,26.821848314333863,192.06464391048752,63.404172313261355,10.610345937546152,0.9913365080514407,-51.3625118978983
1730300229677.2117,30.520000549066637,164.3548695664504,54.44605894498116,5.265050183207085,0.8003464171479109,-50.40307069769537
1730300289342.0103,25.572969954498504,196.43686976491756,59.62028555228996,10.201609614213131,0.7788160842496921,-50.50511462892407
1730300154625.2573,49.858595019098644,184.79658312430226,64.51440516209668,10.609236307544045,0.9840034159851805,-51.965015204066766
1730300181806.7358,35.042261715968735,138.2724695593914,60.67047969695372,7.3084538932031435,0.6755020475524007,-49.50733886005948
1730300096545.9744,29.398281553765262,221.19426174231157,64.35843211349436,2.699940498138367,0.8402731792598607,-50.46734351467926
1730300088223.2578,36.41462443326649,227.91767481153795,52.72731406700355,6.182068659385465,0.6861624291612868,-56.80724657297455
1730300274245.3313,33.9089059733244,162.71536477618238,61.41448822459771,10.562961070413243,0.8012207924135746,-49.04113422480448
1730300324596.907,33.07464763466113,168.80844644697584,48.79795905664966,7.527405685109304,0.5364686929899773,-48.97428618617992
1730300192331.3806,39.487658336855084,187.04182314481227,59.17831375028629,5.281702243531891,-0.04292431890547843,-55.05861003628091
1730300291933.8652,40.58837379094822,188.35718650424062,52.860932546665,6.419066869373502,0.676467451399116,-52.10515430650998
1730300232489.9172,30.697755226209146,197.13019585255537,54.20284099599,9.513344146065524,1.162513950275291,-49.72612627528572
1730300139257.5916,30.349765319929585,233.71947740058786,69.91595347072683,8.83743392997065,1.0075147430456577,-53.016568433221465
1730300232467.6526,32.65935126806822,174.51354098931407,68.7620856746553,7.03047945484038,1.019745944107869,-48.28980968882249
1730300341432.4836,17.095022913337196,157.6936704317375,64.91935184035877,6.736339598326219,1.1042588760408036,-43.531340287162706
1730300195682.2688,23.13632248307896,141.96547491375856,51.35941287738678,6.678994432387299,0.7460600837553674,-55.142286060484864
1730300343896.4783,45.26769889767445,159.51729259325185,57.5430854367156,5.458546460656155,0.7799791403642603,-57.335779112462305
1730299956394.0635,47.403178156181184,178.40673806006828,69.73268797467105,11.295206674195729,0.5255763110151225,-51.125069943468205
1730300275113.6748,32.8591254733897,227.88194772430984,61.194176406697515,6.838694329591418,0.6197181647897444,-49.58519066361527
1730300207061.1414,39.1988532089606,165.29180536562936,78.5489496466728,10.379345990907108,0.9106054967045225,-53.09601502953268
1730300171309.9175,37.1615625257316,185.3613943022428,63.199343423373,11.078878673554724,1.0941927752299672,-46.88801948474138
1730300207497.6624,58.414195194498504,178.85891541883595,61.59530558668386,9.876017784531477,0.6748544691308175,-57.179342040431
1730300014937.8113,43.36868742189329,211.47314485655318,57.601199884233594,6.587315340337195,0.5778519682094563,-49.690777171345495
1730300178656.9124,33.78919389950861,247.70723942878658,61.129016617478975,8.50853986597066,0.7185492628603518,-54.47831209168428
1730300232071.0151,27.433878974896714,164.93292713510712,58.849616003689995,7.524352463061228,0.9060590279012537,-45.90706340377359
1730300335862.8833,22.435573459403862,166.05441414811958,65.70811083828312,5.501573782275752,0.2676662297923289,-44.900229586354435
1730300151004.7078,36.333869970427955,207.56879115774143,67.68931089230153,8.325994740508461,0.0016014438715736823,-55.07103424582118
1730300124128.0793,28.963456420490438,197.7622022197639,53.80069716164805,4.868323372813702,0.5465271531347822,-54.27076656988427
1730300152533.9385,23.84998830884313,229.29362742189878,49.45530667851692,10.311546859087837,0.3373230544583879,-49.076404249819774
1730300283772.365,29.806440491571713,195.11034730301,45.43086186788207,6.511425491220118,0.5597618242389187,-53.672033291496795
1730300229444.5537,26.466267040682382,169.57748737493355,64.11324902276249,8.042647606342987,0.672252888225702,-52.41239392717149
1730300149940.6582,47.72703165234368,195.29243678759204,51.271317818437815,8.231534499341517,0.5768970162212663,-52.151413709810264
1730300246532.0007,41.541583639055936,209.31595441316816,42.90699691942832,6.984543789684131,1.1717912503860437,-59.32126095783488
1730300207990.031,34.71025103648941,201.51383564499247,63.16157346126381,8.929338572543523,0.8203821186373792,-52.296008424072056
1730300288703.0115,46.13596231293167,193.0353285272942,79.93303561347703,6.487767867137178,0.8121814670597045,-54.78746078473691
1730300133985.183,35.365584087298565,208.1782373667342,60.016361692271836,9.58389887988536,0.9126145767548609,-54.06273952732481
1730300168656.2915,28.157672529921623,210.95617286453785,66.74720829476291,4.484377895505558,0.36288275472339965,-46.92351245893262
1730300162688.1597,46.46754101103044,216.71835962914318,60.7168945770683,7.870660717796918,1.0427568308448043,-56.87671069019375
1730300063468.7173,38.90976255758557,196.86398022597598,59.276630394661126,12.039347757337445,0.6947336375305804,-49.247379235696805
1730300226422.7202,26.80646089138023,174.77961482640544,67.38944680913848,5.279335431498092,0.9276837747465813,-53.273307598206024
1730300223175.466,33.30986244591292,183.27500317241768,57.75136306995844,6.02125261119689,0.38379015584805537,-53.27624636164915
1730300199473.5403,28.04760136035242,211.96353449842357,62.195763213256605,8.761937976051541,0.23335826993070147,-49.331546857133425
1730300177275.661,24.15295536625399,157.18913045963507,62.62855805017967,7.993020598969821,0.9736994407882291,-50.99150969012597
1730300067927.193,41.883589282686145,189.28342357321003,54.74030896615707,8.386415060897003,0.8358856255244003,-50.14161773348152
1730300160045.4268,49.433881168006465,168.6558466997764,67.97095798008499,8.70508273010607,0.43679722624677836,-48.676096985867375
1730300167262.3413,24.031874118762246,180.08160016374362,58.670379594730846,9.039797526747794,0.44690771304631927,-53.46626236404076
1730300124703.7534,39.09451307353282,213.91102008099,54.04173313818923,10.132201500905216,1.069703686887634,-54.501814857968164
1730300184063.8633,29.775189385975253,184.4765101370205,64.34053113150424,8.522542975826765,0.34709392650225956,-56.24506026008329
1730300236417.8145,31.03083766784193,180.5605130469821,52.904284637389786,7.025130903923651,1.2311663672960598,-55.287611857450216
1730300373673.4429,30.222480664311572,142.49233834916996,60.28933810769366,9.126853973280735,0.4372438753910546,-41.37410686102653
1730300215167.0742,28.136888794603777,199.504475920873,59.992069572929054,11.949543314734976,0.9176668686596934,-47.656886917444005
1730300222850.8906,35.144070466407534,196.77666073867684,68.71893366085577,7.27495530792223,0.6158018849988957,-57.22530342189404
1730300192105.8098,28.39060793377611,237.86252756900376,63.847915285070385,5.338677563049842,0.9066773238213206,-57.1198181832257
1730300021308.939,36.84831060018085,170.9719612838135,59.86528895472713,10.126177658993328,0.5485321292094039,-50.46875491971867
1730300196544.6377,34.38569455438645,185.23585437657482,66.58204183487287,7.303135053546119,0.6675665121536118,-50.22768340275505
1730300204577.7207,32.93659115787404,186.05426770445638,71.14418845526228,2.5830717617000207,0.7311579110232959,-50.2217153373462
1730300427112.7117,27.80229260331943,222.00495263935898,64.51028800056673,9.528987279758702,0.4055384908652622,-53.184812968719804
1730300181186.0867,30.342446543481195,176.7238425984471,60.14725120839076,6.348797337791847,0.9496424923855655,-52.70744699478476
1730300226925.3027,40.572121310998895,186.85656054001365,49.609891426091025,7.371782272788979,0.5581781055993932,-51.0363770278072
1730300195785.4578,38.61801545876471,195.75916697416594,51.57617973244656,8.34352241021827,0.6470239908431028,-51.92838291077193
1730300090772.589,27.264827318297847,184.35496786721464,57.632215781572995,8.018130700097258,0.4079852507366003,-60.425740836366
1730300304833.0442,35.53424560148232,167.21857676145436,55.20715612666552,9.21167004631656,-0.0814816150406954,-53.0920828217367
1730300268634.0332,40.54137381277258,184.55747411532937,58.5746519801848,6.5784237840091855,0.6587526312558591,-55.383437442100345
1730300272254.8545,21.95211166996515,208.3665641551838,60.51622373413294,8.76009333579758,1.4715140102005058,-51.599139156977664
1730300114784.633,38.94393524439565,151.51583501440166,64.28620143299457,6.98306793329185,0.9633089758093331,-41.240797716425135
1730300328908.1453,29.68318584283456,182.902954405606,59.502895247298824,9.27919211205941,0.7123720733522975,-50.890396403173845
1730300069179.2058,39.15309947250478,160.35129462481274,63.94198413733201,8.995285248250344,0.6363196321929548,-53.400726885184156
1730300253346.896,28.910406738233135,211.6532503926002,60.578582046403994,5.428582139874518,0.7253974767634471,-48.84707366120841
1730300401850.8564,20.911785325547086,138.07099413110961,44.321001279843415,10.077653042801352,0.8891748634119621,-50.465725522961534
1730300107269.7043,22.27357639595897,164.17353377164534,52.57858636577518,6.3473363036269,0.34977824137937547,-50.696456055532906
1730300146557.0388,35.14071719132465,189.51456153756303,58.916419703443474,9.438454194204219,1.0662345901231551,-50.00803942879699
1730300208228.3835,36.76588173784789,221.68202925600838,50.4239216017889,8.424725030215265,0.9417001167729809,-44.664210067658274
1730300152374.7834,27.827226596296587,177.52362955500536,64.845956375525,11.807643333341172,0.9425755502307228,-56.413658428507915
1730300055398.1843,39.67522371061434,164.27429654397153,72.26426683055554,7.06605001636722,0.855260408112013,-50.49910687090211
1730300205349.3906,22.0126622566362,230.22617785878228,69.7778291845795,6.776605408384446,0.7245080506402631,-55.659807672337095
1730300100623.5637,34.26404624090725,140.1059183577161,58.363683301260615,7.5353367988173385,0.9284269161147602,-50.1972803461599
1730300242857.8298,25.472080908535858,119.78206730018431,71.94528470035918,6.88271604307908,0.9031269998421982,-55.63144392287852
1730300113855.1602,29.76602420379561,191.21461972218978,61.24956968737449,9.41978842348435,0.6078660007518452,-53.78348923639661
1730300342534.303,35.13544728372494,165.71293351442498,57.378293181599105,3.8626431032837654,0.5393271346891577,-53.332754565109695
1730300126465.501,28.164359678923354,151.65883117717763,55.17615057762489,5.156633112894639,0.7501802324656981,-48.64796384266858
1730300169174.9473,31.81847134990423,198.47860545491582,57.65417226261443,5.124157333282833,1.2019314165306676,-48.85941151987934
1730300274337.141,42.49879428675711,185.90313737672764,56.97111788286052,9.765614858051192,0.3315809232100174,-56.83693858443287
1730300085013.7234,30.34152092498316,164.03394026074517,61.422899361930746,11.51424406484177,0.26027718839481884,-52.04250297405233
1730300220064.3127,41.18875172583046,144.64579448751888,61.34446031160881,7.339776975501969,0.7698167117798167,-54.860639129201175
1730300320050.1707,26.09645527785742,202.9207966527378,60.08902029108218,7.191726487631646,0.7342697173418586,-56.88407573844221
1730300050136.29,38.83983862461636,196.90434927769013,63.54698144344782,7.741113148870911,0.772495328298804,-53.04496392935149
1730300216098.3315,45.84127675172493,176.6188024923059,69.55375835770303,10.252206875832654,0.7945376448941792,-53.382123111330934
1730300223066.8867,15.79171761235721,229.29172360565633,67.63234251098183,5.4471781580341005,0.6487089414478726,-43.299686016408
1730300271402.0325,28.65211517251577,150.33641476225398,48.230652919574354,8.128225432232663,1.1834648724833257,-50.64903211420671
1730300084450.0825,39.202809153693494,138.00769754667039,39.71093071663019,9.822859519581792,0.21864127333057953,-57.323146195848324
1730300076716.877,33.21228764982934,160.57361265009231,67.51093133650785,8.732467761337013,0.4597582376669782,-54.32685868662708
1730300247335.2834,37.621501683031816,178.06947324493197,49.17122317739686,8.01601924424392,0.6861521255255958,-48.4799972373695
1730300226502.769,30.133471372829078,185.89065100334085,58.27344688594075,9.882308465162373,0.20544150804633654,-44.54662384225669
1730300222197.315,35.436395820472626,172.77325004969978,50.73937335426618,1.3628291447478924,0.6634891940777926,-58.09122010050734
1730300231083.4238,33.57602762523388,188.83357867558144,45.70362204018005,9.139047178815076,1.2370341637828197,-59.17473982956058
1730300136025.158,43.73887007408239,145.42445890223087,64.38000380385823,6.075689665738215,0.724904444922453,-45.34828543105967
1730300220508.2473,36.725170308820324,218.38601619703078,66.11493257374866,3.369722724725931,0.7904007680211571,-50.80881197859246
1730300226140.4731,37.363923401334645,177.07965868709894,55.47016836926763,8.75571616435877,0.32500748915639427,-55.44568337607982
1730300132846.276,31.60867018201644,209.5485456189968,39.41508872041656,10.739280796612459,0.525979153586227,-50.27426090994336
1730300371783.2114,31.027145295660866,188.58101533561458,55.71137689998994,7.263881810137424,0.601261980998136,-61.96084082430452
1730300242880.1008,31.449859103937897,191.66773619734815,63.18727872217992,9.77151860493971,0.6192055178004396,-52.232557274805195
1730300088677.32,37.80047049644082,194.72701329782538,48.27836232740942,11.288082883621602,1.1184663789568494,-51.03659212126717
1730300259801.26,31.53873358692776,191.4228983575804,61.52605587866388,10.60417511034624,0.8924750349160206,-48.837973818595856
1730300108737.9517,36.99665373932916,196.70190939546987,59.94273075090918,11.351758609890926,0.37142827033440756,-55.98240306747081
1730300271889.304,50.70847333136052,215.2834810797229,64.68148522511198,9.286820912254779,0.7953341542305378,-51.929141692105915
1730300306293.7078,41.46083855495684,184.6232857802687,61.01775626747617,7.753490018782018,0.8739109088849788,-55.6562818266289
1730300122999.3228,32.267938604488585,198.49612806693094,52.30974237912066,3.8956347374841878,1.0742969343534357,-51.30360948583409
1730300288215.0796,43.99559329317367,176.87434675004155,69.6009802407973,7.0140802550582855,1.2117709650934245,-55.54540778255596
1730300237226.2776,31.637862611149167,218.28728182374294,58.801322127120514,5.640615001615817,0.4015094838759985,-53.74933318593104
1730300275128.2747,19.120716934078484,160.99362262709113,59.847137472121595,12.572956700984863,0.46526464325278205,-55.91575487648246
1730300374655.7297,27.03037929601831,228.0547231134957,52.626941593368805,7.175479770740157,0.325815025884227,-49.84479455285269
1730300176275.4175,20.40566388935613,178.21641033374695,56.53194781359851,7.863359049812774,0.6453320842882612,-49.08059458994599
1730300129198.9849,32.07220129281165,140.57257056338122,53.013191805010564,8.848362624956815,0.8639643386375274,-53.10985367247781
1730300116625.0083,34.91290765318022,182.77125242067763,58.68642801878439,7.680281377781169,1.0265938764530915,-52.10404786449299
1730300123450.5056,47.64483316966067,160.867494433927,73.70643285475819,11.478452217378054,0.6946753450926777,-57.58476882373549
1730300191859.8655,37.28194787443873,202.05960145687325,49.13119613832204,6.147967142578874,0.618539852892123,-53.349662091783145
1730300230592.957,33.08900022664467,161.63702827797218,47.20525261881863,8.027578183365579,0.7657577018749291,-52.43006325950779
1730300224623.4204,41.140477462283116,167.22534914025502,71.78943207864029,5.872390003538194,0.4576836400164735,-42.584284701281035
1730300275602.707,17.792167397039687,128.1538399261017,58.396511763536175,4.544076854848232,1.370661379654774,-56.34391070544058
1730300200204.0623,36.58075686604446,167.0596033484941,54.73248051516513,6.172990705249211,0.21653197194673557,-46.84777902179116
1730300333606.9873,40.690945894282194,113.6893581255481,68.35240324277298,7.494818975869145,0.776053649018111,-48.57039904182264
1730300174491.0054,23.417410827058305,136.42742148230073,55.23821109572465,6.592646717311038,1.3500796839962614,-51.210523674679
1730300450905.877,43.554358947492716,199.88781493461667,74.61737172551528,5.98749921980972,0.720507114267867,-45.762408194315874
1730300256940.9854,37.37078647140039,200.57499744767102,65.46756495962345,4.345606873291723,0.6590612755475854,-50.873352217405525
1730300119621.4714,31.582477517875066,190.8205664998857,56.176269815839824,7.388865281243404,0.6068031752730453,-50.81048912308494
1730300099828.1848,39.63060417604894,153.12755284541032,77.25769915005756,4.119289768416422,0.6620728234314541,-52.44081229324855
1730300243680.176,52.20812083330094,178.01194055141158,55.23741904757401,9.328054652221072,1.1469371162938637,-47.7347047531621
1730300178305.8499,36.168023707565304,179.2059609471647,65.97897232362362,7.7696033983412915,0.02792273901158171,-48.20321694665391
1730300265121.226,36.67755854230612,147.94668782137677,62.449996625496524,4.227773583509447,1.1970659016116916,-54.55135915672387
1730300242824.9724,31.244041110875795,220.00029325274255,70.43914484167556,6.868849253912654,0.27387754656228874,-57.10798273575028
1730300192255.5552,28.245518985894062,203.05357339473096,72.5094156426955,5.850113561627877,0.6351454306100772,-52.99322318318204
1730300120581.2322,41.14762073856881,173.3220075228365,60.31980594811252,8.3140702717471,0.5843901762264735,-55.1940862232104
1730300058715.0046,28.197606206899767,180.03127769108488,54.06028077835057,10.662905404580831,0.9021090783722314,-52.479163021846944
1730300157649.7258,35.32102999502649,184.94437890721335,63.730553754124436,3.267286047505082,0.21950897023935245,-47.68358019166894
1730300278308.2622,31.103541945379355,124.0339628491018,54.66360191803204,7.844548773230213,0.8626577148563846,-53.9306962537589
1730300218826.5142,38.44955848165479,172.61241910248447,76.11070188586899,7.211710174465853,1.350299260801164,-52.40285469535751
1730300083636.2485,37.33366387020364,160.84224932014504,61.15288109585295,9.12401675656208,0.29285180362203816,-52.03111775047961
1730300215037.7131,42.73874100150078,152.18974752050693,57.15326597260904,8.070331469829682,0.7776037226823823,-49.11753097862639
1730300234682.9692,30.855057588792558,171.6941299810072,61.53657887105943,5.850543813257373,0.5117380317761626,-60.52743871584033
1730300117148.8838,32.69910361653714,227.9666402660568,49.32864262519411,6.846207038434288,0.8513307324980619,-54.48140654404845
1730300213235.974,27.255547470977056,196.65102076546265,52.32133741692853,5.74921809873217,0.7243616835098471,-51.46617026126165
1730300204390.517,31.359745497320578,163.84173439160355,69.63160280831801,10.05471156639527,0.518135898808774,-47.82129285054801
1730300093153.298,37.66876300056091,194.80322857610747,54.82953836822392,7.629014715214712,0.8706801880324543,-54.05824100569607
1730300232133.5051,40.58438767330029,217.1838653509449,51.72124841305872,11.952553314175617,1.2816353885351441,-59.162311213220015
1730300250932.4016,27.69016645625142,204.33320432476373,64.34167006342935,7.4404860393681895,0.658791330390285,-49.96063200951378
1730300299297.7964,41.44917581950983,180.9176682222346,69.51437147455043,5.950733467373407,0.943066338219539,-54.58706018436431
1730300296589.1255,45.181414528408816,161.7909801441817,65.79453859005844,4.098604402107603,0.314672332436293,-56.63032554637243
1730300071418.5928,37.94623909555509,198.2043027394385,68.00287903981003,3.4329544530081026,0.4198202904036997,-54.54644954164114
1730300112151.1223,49.18338586727466,189.95508351425497,54.033365588872925,3.936641698489127,0.8658522710410846,-52.92519369854446
1730300246695.714,28.829546553287464,203.53625451982623,48.733435555118014,8.194365266954941,1.1816707430269464,-54.474197738852006
1730300246580.019,25.213770877736543,196.497505861579,72.02982270177839,8.750017980309577,0.829393825937096,-60.37511367554331
1730300246696.864,21.11268215569647,207.71474757352814,57.49310476741058,3.9434154657264697,0.6206592821243626,-48.938252450224795
1730300555788.731,46.25959552015534,164.81472816397664,58.065697567184785,9.638500904646294,0.7181632564829666,-47.54558101214086
1730300251868.2834,39.796346077009346,214.96518085378136,70.64996436497893,6.469006653400999,0.3280532744555967,-49.84337261066962
1730300304160.9812,34.34463831495732,184.6524788863355,64.49769361398567,7.9176096232035835,0.9070918437523698,-56.438714261161664
1730300287346.9504,36.92135170579554,235.48054456795103,63.69800281774458,11.28795034085097,0.9938162949174824,-52.987734079707195
1730300259323.1912,26.128843815810228,160.64724954035532,77.31901855471142,9.642643033261884,0.577258524897555,-52.26903874232598
1730300169803.957,53.5523996321855,226.29581352693668,54.9361405652079,6.962405677001663,0.5716546303460184,-50.03773604626514
1730300269285.6313,35.763762250756486,184.6609024583839,67.45928984343804,5.530344724488405,0.8013818312025567,-49.781376600575285
1730300127431.211,35.61151544450911,161.66967389543473,60.51911830480365,2.6310342623259917,0.5820566583438006,-54.95129683589047
1730300177069.0115,40.34463402622538,166.20474966421824,62.20532649214192,5.926017444216345,0.6977402902817273,-51.94274961290051
1730300154052.086,38.46514228796476,170.63171797625986,72.24607689314529,7.094421024452326,1.373840157764771,-50.55938207930611
1730300206582.0935,36.49067811000339,190.7856026261316,64.1120091820071,5.309583284055703,0.6412721401880266,-46.87857674899374
1730300413352.8804,28.701420488664645,193.45657530292752,64.35476677255454,7.278121766128483,0.6065238738113253,-49.6480620232376
1730300026078.7415,38.39187792267049,163.7734908402864,68.61223439429672,7.756751841911588,0.5162457833995715,-49.33639495316305
1730300262552.2883,49.22353692517371,178.64420535280482,57.15620534671691,7.062853153113513,0.9506937410485901,-51.935999953545
1730300049651.713,45.10295195659807,237.29448332952956,53.37655165010719,6.085057404130602,0.6618129503015288,-47.04579358842841
1730300155295.9495,47.005551248591544,226.06786799821185,51.737998897128804,7.967889310833244,0.5156741400913474,-50.73454054201355
1730300299844.116,30.845848337636195,191.11471073927615,44.393604452124755,8.596420428747404,1.1308468423504785,-55.419125105803936
1730300204952.7603,27.17229864193539,180.3322308522298,76.45196062971662,5.072188376697023,1.1615321561874739,-47.07192556442025
1730300099193.618,33.80555532264026,182.5527148900212,51.2725789367524,10.825006983975271,0.53095436015997,-49.6724028556012
1730300132758.0874,35.199384478756876,195.91133930480717,58.30143446988854,7.353256902746084,0.1357195193330798,-53.87814004740443
1730300261935.3015,43.17376837596479,151.61660898375789,57.85864424546401,7.623352295956473,1.0328930701269046,-54.0124974272622
1730300131363.16,21.775038958133123,172.3363292005691,62.51466316253869,9.208824160965692,0.504668271334259,-51.15176913184273
1730300219045.5146,46.51688811756429,134.13511017438435,66.56587075905351,8.11637437597247,0.9651886071183629,-50.53761743207015
1730300203220.2576,33.5581304652512,190.1104033727454,66.9224024548534,9.772121378834164,0.10339069972568182,-51.51774517953141
1730300138657.4453,31.493453685673234,196.8229978379659,55.417831488395706,8.240357600918863,0.9970204233274826,-51.09746016770761
1730300397543.577,26.99952458446367,166.2236815738781,58.73284591940465,6.171453717779806,0.3403012456508589,-45.978650980709055
1730300257705.1458,22.063830424024232,221.91111445352237,62.3168031001811,8.411422880972111,0.9465020607422335,-48.29509897215319
1730300011458.2378,41.09259892565338,146.1221515313031,58.082767646370186,4.94954117448313,0.7228399789599824,-51.54228288001149
1730300216266.918,35.33448152748212,139.6630285938563,72.87469882006381,7.829676744598114,0.4205997484220868,-48.77515968349771
1730300137714.1426,24.86586464647076,185.37936510030121,63.97763475846252,7.50357425964092,0.5913227283060998,-56.0510690503352
1730300277941.034,24.82656451068012,207.64830691544944,65.92145081307038,7.101351508387792,0.9326277642013248,-50.77816923325509
1730300125607.2734,32.192982613169725,224.88720221410367,65.34766499913589,7.284376249131698,0.7514407964189702,-45.5755709661854
1730300188374.6375,47.587887349762994,166.881539202383,69.4169004957324,3.2519305736500312,0.9008166327484733,-53.04875643718296
1730300245765.2031,32.7780712459312,208.50324224286032,61.50741999929457,6.317986183135994,1.3353563123217127,-55.369531306935585
1730300279174.7273,23.22883989911424,178.26106159078736,49.72947006470723,7.793534225278458,0.2300859121153211,-54.64871707469659
1730300087844.5164,32.88441222831182,174.63048091088848,63.25011088042832,7.947654124259263,1.2232185761813854,-56.26158360206766
1730300168022.946,32.677228955776584,203.22404994249743,54.87366929535545,5.2164473185013955,0.7509605285920725,-55.137773717104736
1730300155016.8843,14.06208345181918,196.96178345493655,55.851863727941506,10.491004696069718,0.43781722112407834,-53.610759574305526
1730300138497.3389,34.354542721433184,136.63073432512778,64.73785060647889,5.587882254211761,0.30310960199925585,-57.42617315404606
1730300362492.8828,32.99812694324739,219.2732517071024,69.9334061397245,9.809657091674447,0.6593480423945787,-52.18742800843613
1730300236504.0178,40.11764083006137,216.66238894611888,60.234271286524624,8.56250540400651,1.006089627777969,-48.919043850955084
1730300082233.7039,48.96960470713716,162.369573827361,62.52603036782004,6.093740159499493,0.6785683222457886,-55.591152753175024
1730300284000.1616,43.4223645309977,190.0178355034513,73.63077286180147,11.663042056403318,1.1901112909381741,-46.64464585740892
1730300395525.872,32.70667698877164,192.67681923378308,61.98345908973597,4.8347516018617105,0.2653809229512205,-50.36212837576055
1730300294613.1958,26.274461735391732,186.35988887532383,80.79920398228752,9.693965031584893,0.7146107299032091,-48.44609436941918
1730300058296.1687,54.532299965888114,164.40678663088218,64.57164890823239,9.88124182894968,0.3274334088887826,-54.66989663154893
1730300154156.6829,35.226211228147626,161.1227171026945,46.0321118063934,6.037638868249652,0.8318969164757175,-49.09506612596822
1730300316324.4546,34.87843595704805,178.61173560720326,66.06860080046424,10.782534500246246,0.995237988083473,-56.270064997631366
1730300133465.0696,34.58621642346624,211.04911537138713,63.10243703459759,7.004917382406242,0.5870381394145952,-48.96338739181138
1730300240100.6506,36.2925655946087,194.0186723402042,70.34360061614494,8.243967215360648,-0.09455506824912929,-51.61156924785591
1730300270736.2998,33.66292949987732,169.27099565875486,65.42975287636338,8.178714861902742,0.7804887277372289,-50.20561637096219
1730300113160.0322,30.366323036573945,200.19327293882745,58.961301262868986,7.271102982441134,0.8547181223748149,-56.57845342313465
1730300193487.5535,30.572143747381347,102.19377360842006,50.30753711988417,9.444780018402847,0.8445903655599243,-55.544388627167535
1730299898836.9434,34.51996061513019,210.40043119860655,58.39890599958412,9.404946735123179,1.1041500778336726,-50.04350923575212
1730300104134.846,30.59851473575548,132.20963758018357,53.286408830890814,3.5585468486573966,0.38404099558146104,-55.74078152669723
1730300175610.4983,29.29753097926553,169.4922483658169,55.43818584128852,10.579855456135153,0.9307228351176858,-50.53753819087785
1730300083446.923,35.58875053852903,148.99415127676497,64.75549844734186,3.756430430387565,1.0906413189259911,-57.28451615544629
1730300350172.216,32.81350317527161,144.25660873336415,73.37327051375914,9.954755652690018,0.16317500471049295,-49.11847710876803
1730300066559.3333,46.32063340258815,210.72692337961035,63.210131839155245,10.1713120220147,0.818167964770214,-56.78830289703734
1730300158248.9343,14.414678772511209,166.64286573452026,50.53399562760514,5.07088352060676,0.5609981046442665,-50.20912296885093
1730300211107.453,43.153152824567975,188.68329983515832,63.60806468268043,6.635167169833336,0.6929360816156964,-49.93881171191563
1730300332471.5562,44.34015972743934,178.03334679722352,69.60145829907691,5.0369870087635515,0.826916229320929,-54.81342640079359
1730300066029.5513,18.849911684836098,192.21691931843708,55.204998729823096,7.085702573488657,0.5662896650006395,-50.09954525954716
1730300306716.751,32.13997529186391,181.38304064089078,58.996677007366294,6.8715511630215,0.5074533115855004,-51.28496291564144
1730300199947.65,31.919178949266545,144.5730353726102,60.18180414866035,9.373143249571505,0.7290455787646395,-54.231268119191924
1730300108105.7275,23.96319222447262,206.2723047530095,53.80939320607556,10.5935824319849,0.37898636943045977,-55.96271419094383
1730300241793.8755,28.798619473737546,165.93754966786892,65.23130170549408,10.789936761284821,0.37942989390556,-59.4795917386972
1730300217434.2605,26.24336227585632,137.16699564578434,59.10083228376667,6.287068319785643,0.9304597370186304,-50.956126958970096
1730300143415.8987,48.227155698188895,167.7144551064391,63.40826419807344,7.0988100781814385,0.35977332367973996,-58.01314481254382
1730300205464.1404,41.956546265450555,219.9288690723262,52.99175776601249,3.708256201881153,0.9263826425491513,-51.8935441108116
1730300163317.381,44.535743079973386,202.31888199781605,56.578362564070645,5.726577375715896,0.8627883946955207,-53.21611756751685
1730300209512.4663,40.31319190571507,169.86550972003252,65.82185886752424,9.799064735380329,0.17965124113462283,-49.74155742639655
1730300260317.7336,26.10148566285706,169.84911701506763,57.093401271870604,11.2956830623926,0.5068737579115575,-53.358394104944075
1730300345875.776,30.743682407199987,170.59685892682688,73.82801256217466,4.741117876795306,1.091141370083537,-53.459403869037075
1730300084369.9973,38.52937964368942,235.52080048290236,56.87979093396873,6.217389937104844,0.41210076044334054,-49.54719278515287
1730300396533.1716,25.386754874567355,189.6424282058479,61.855399412112945,7.519269332124704,0.5734145702565832,-51.00991576591441
1730300018223.6,40.24658708100699,190.94465714290575,67.49715120869675,8.224343364755523,0.8626228235010608,-51.079592206919905
1730300184943.684,32.9260144788589,207.1931309778814,48.760890412954275,5.717990796646717,0.9629300788901274,-50.515195155972975
1730300253482.1123,31.893224381888338,185.7674751898997,46.03174478228427,8.555299079297678,0.6398632901855063,-57.90539537944721
1730300225021.7283,40.23093373384776,172.2912413807016,47.905823863205114,6.490215675393377,0.5318638071548372,-49.455340639377106
1730300141333.8555,38.18297040781898,173.9883143462226,70.12707644391165,7.546761185293124,1.1623958669580408,-49.98732972890286
1730300179726.486,31.999614160105274,177.36524373054266,55.666637790563016,8.836400537300356,1.261204797456277,-55.99267710118177
1730300153344.8127,43.67396519216718,178.2958797638296,80.45265383176697,7.594770594741907,1.0239478364427337,-53.144724581163416
1730300144420.8777,26.469988867250862,199.00032586491048,55.56789840013977,6.576354975763163,0.7450176311258978,-52.38989374084322
1730300277678.8425,39.50124177095083,180.7096501574808,61.535550767152806,7.327908131986138,0.4660737043703507,-52.740779368140686
1730300232062.0244,39.325896830928244,199.13596040889473,72.35479484885943,7.376773804427396,0.4591503368964541,-51.01433204009978
1730300134831.9324,32.39446618192277,177.1184930908599,76.05256851943709,6.729010687293669,0.8814940867586137,-46.96872427466977
1730300282308.9714,37.27584804999719,181.43212643461197,76.49417136558219,6.98479427445625,0.8489929474821397,-48.257413031977684
1730300227457.9932,25.164173198689493,125.21242799404429,69.6949799005658,11.256732710700854,1.155911842904464,-57.08207625781071
1730300274276.4746,41.86707537810683,204.10836167711764,68.2261470305311,8.87006007101786,0.9214309836656096,-49.95193799033871
1730300257307.8462,33.35160964303738,188.6828828011113,64.7869668997497,6.900424061850301,0.2491782174340506,-47.34631246340871
1730300122229.5117,30.757483455368895,206.31949541572519,66.26799667277785,9.18292721509189,1.046763703675896,-50.81915413437753
1730300147123.485,42.826813601805455,100.90219497455696,55.671996807341486,6.812247702869988,0.40682673451396684,-48.22344968369674
1730300268204.391,29.362818535173012,235.8355344340781,53.54399988495739,10.278072350374927,0.5985227834524648,-44.82740875768584
1730300255524.373,23.955900234506398,175.52480673001622,60.03785144182311,8.43014102197474,0.7964877305073228,-48.47142225844938
1730300197064.3726,22.818119272964758,209.3018573982325,58.70843566113893,7.333215524934045,1.341358243052313,-51.32600361975861
1730300209865.3013,39.425022672807756,151.1533523256372,56.452683453514986,8.609705301227516,1.6891863320023572,-48.39261567990185
1730300317320.3235,24.939057387009242,195.89119748213724,65.6146969441165,3.9671379255332067,0.9077810165046721,-51.7109173550983
1730300144216.5288,48.24653548374939,150.78764809553144,67.67817645262792,4.988544620270189,0.6611972255601162,-52.15688907787521
1730300249664.8804,18.78433936599363,162.4181301763963,60.769315058608875,4.834088828265197,0.8852374042984459,-53.54037615722768
1730300180275.6067,47.798559478211175,231.1160808016546,71.84011697988925,7.908755188751627,0.9954777405275101,-46.481976812253734
1730300178841.2632,36.39187583272973,174.14173149363822,50.965901498022816,11.564615672497396,0.6182838471989569,-55.26187544928193
1730300300754.093,34.02881306322975,185.1893630893444,58.52134982971206,12.711772905404736,1.2787832309418614,-46.59641661059433
1730300275439.0803,30.58703988737172,202.85611053208223,54.351933875740755,9.047455357910708,0.7902040595153388,-50.40241082192737
1730300274336.439,37.83643871194268,192.72153060074405,45.189132987908636,8.73189348717935,0.8737614890717228,-57.403094554190204
1730300319896.0781,34.482476102705974,183.3753029992213,59.40580991418796,3.4377427169689536,0.9262614455754361,-50.889778497958574
1730300200945.0964,43.243726847352335,189.182931883313,59.09446167979736,6.331903141896866,0.8499882451657256,-59.98607589020401
1730300262153.411,35.6486269253612,244.36365334336307,72.12638350156939,5.768174136832701,0.9802707374378418,-49.93926480543105
1730300170267.221,35.925639996849995,177.74374731284644,65.09208218636074,6.1521110230162535,0.52570077322527,-48.98187733690625
1730300229019.9746,31.979295172825232,184.74720836284428,51.90235161319193,7.1932856021646945,0.544103236336184,-54.42853072687859
1730300186947.8818,34.33418755986015,207.74456993783858,74.84118175313857,6.494237674542852,0.37495687607154654,-51.789580943636985
1730300207982.4758,37.13508237620459,209.2299358724702,69.79593494590513,3.027803310598494,0.8555805288347953,-45.04162378500949
1730300254115.5251,21.63909178247753,211.43624947904217,64.70384963979114,9.300120708353562,0.9615397025536949,-54.10927342923887
1730300123227.2866,24.418758604925237,196.59383187427358,58.25974950211833,5.112795575105847,0.8612842595842044,-56.148324059125535
1730300392769.0708,40.478997079565964,148.36247513094193,52.41836611785637,8.130244473852443,1.2410992354683725,-46.78332187336199
1730300105836.055,36.08354844676742,223.52027723241335,57.098393258815825,12.350188029770127,0.7166375828810867,-45.010550183444884
1730300086558.0051,33.35866510789422,148.27204872954744,68.74167145287699,5.4655050295226015,0.9271409350533011,-52.23137708803425
1730300306248.8208,34.913027091375255,187.49578705377021,75.08420566363692,1.76058526358727,0.37759570231219874,-48.51656510229579
1730300272313.2659,37.440552463472436,158.88532431000928,72.36382903109217,6.9222181595873,0.597546202820967,-47.30007819583763
1730300256797.6736,30.62665896406088,177.56726388695947,56.168794191465125,10.112099876599116,0.9355056898408179,-54.981930591312796
1730300257189.001,28.794871831934156,188.20304032808292,51.14180469193697,12.084008311963768,0.9834428174019056,-54.03392470540412
1730300197865.867,36.2753684330942,188.00258259014473,61.18755629780385,4.752155747209116,0.6266188141078877,-47.70777488263525
1730300115908.2378,27.258549484722483,190.72482554303235,45.97093207137762,8.722359812188488,0.6960338077490942,-46.033733923103505
1730300206020.0095,37.90644539067856,222.98645206785136,62.64027267725343,6.509831291957783,0.2445602495165456,-50.17011978307093
1730300136290.2917,21.69733536418773,191.5806004822893,58.88840620009655,7.336329109323132,0.6069331044322408,-55.488154148261835
1730300289302.616,42.67435791802771,172.69419036827853,56.350604788689786,13.661732017973772,0.996329239620767,-44.920334902634345
1730300185381.502,38.40054847439898,205.40120544950693,47.35554659097009,4.12331470284427,0.8979422458660102,-54.20225434915988
1730300122553.4326,36.737524981091305,211.50230495051193,64.15794893767193,8.163576495572014,0.8746738270850195,-53.48037821464165
1730300169237.5193,42.317555897146136,146.07228469360734,55.81931448865795,8.655648720323011,0.7339219630455116,-50.983081092206916
1730300237240.2173,47.56064932009592,195.4750296038754,50.740936919327666,10.07720274203831,0.7205893112088481,-46.516084808468385
1730300146795.332,42.56081952496036,198.2841434210941,37.17386918354664,7.805351704935821,0.5122565466810463,-49.09709076227598
1730300122856.8865,20.63540179476289,171.24847284486899,59.84546093598644,8.28848622262672,0.9365329133553568,-50.71573105466639
1730300221567.0674,24.945602856303033,216.54369995072156,74.18893926837113,6.6792464594397005,0.8497966812024604,-50.537235046730046
1730300221685.5447,29.973491787000334,175.24149447645686,73.30437072767262,8.198965739572385,0.8719745921125253,-52.084597095046746
1730300152053.668,34.97182608529584,182.70282080722902,56.42185526166257,6.790691209003416,0.5541757760236388,-50.187597237003004
1730300155378.6992,38.74657597429026,174.61844769015187,55.26533557694183,9.009554777095918,0.04619020994632972,-61.56941398187835
1730300220489.378,29.19848701779041,179.72520420146967,63.80070336460079,6.729932244076271,1.0608750668544422,-53.33834850864691
1730300064897.6948,36.20565471386153,149.62744592062063,52.107979181190586,8.447294159123684,0.5689090594844022,-51.35544388946752
1730300068659.4312,28.970888254895492,140.3214762966214,62.46991528372882,7.512698380062978,0.4490576794796249,-56.48784519244285
1730300132467.255,30.07562842094348,222.46654237578886,66.17012322268232,10.169805847903145,0.934862994159196,-50.820942679562215
1730300179233.3647,23.969723964553573,156.3763389697196,69.84295202123522,7.461799443849235,0.5960125649413768,-52.99871774272804
1730300227792.122,27.68196588493067,152.4666090638646,59.266553405213514,3.502198097699833,1.0492575018939811,-45.774000441396595
1730300335627.8635,24.39188837869519,121.01146873229843,58.441539607462914,10.48229648268605,0.910990955664018,-46.446566015805686
1730300278425.0234,27.277743331595246,162.00686325174348,53.0675457157166,5.496903967828896,0.9317695860315359,-53.96204321230479
1730300184188.6213,42.86238710752881,143.48759897535385,53.474811751064976,6.076401127894684,0.29198345740930765,-52.80101496842448
1730300197238.972,27.481039943997594,223.75263501006413,58.25979099958488,6.210037068394107,1.0967086689448635,-52.517584043670254
1730300106159.0686,54.98553184602601,206.63910893649785,62.99251285971136,10.741073681066853,0.7999372344273473,-53.90989816616231
1730300197285.5596,38.559660544435445,160.67533380784633,67.3456787268413,2.6681574203414025,0.6031097497591611,-51.526102787823476
1730300172268.2773,36.19082932547325,240.27664878076973,53.663703235159915,14.79651586698711,0.7631450448697927,-55.04016426104727
1730300228885.8994,28.180144514608042,205.87975541990596,71.9609245638723,10.00882775254633,0.16390932197103492,-56.412651731295064
1730300122392.8762,40.14915171401092,170.51033459444918,57.90398905660614,8.093427748801435,0.845950790078674,-49.949574287833954
1730300247094.9644,30.35115072195666,111.64486783970501,59.89445513652226,7.453749147772606,0.3970526322620635,-49.924440583805215
1730300340941.8853,35.70838616916678,241.31902235912187,54.10974184393614,8.236746546125996,0.2961306772351629,-55.20985273520556
1730300188928.082,54.43035922107653,141.68792096859957,40.744439682147615,8.778530804078088,0.24316006071746743,-48.94455864224292
1730300236201.195,34.03382907855991,134.76273419779108,67.11026190848057,9.06393297413314,1.0657247279567232,-54.573109247296514
1730300262911.9543,43.596741516027194,206.98434039533942,65.93711999632936,8.857836130483635,0.5219516294944884,-51.31178734136308
1730300161844.298,29.371781964992188,245.34728673939935,57.82266727251042,7.7860268376255,1.1971576802597808,-49.22106423796581
1730300219752.464,34.50279636111459,216.7755806857159,60.598636052926075,7.126140863094319,0.5511269973355134,-52.36890196661222
1730300200166.1406,48.369449023277014,194.5684336032448,64.17659079473562,7.232086188543781,0.18541026710613595,-50.56874310588984
1730300208045.4607,29.95699361079724,195.40341005873287,47.611827752930935,7.131729948183059,0.36984670119163954,-54.14865266853475
1730300127414.1187,48.68926337210045,202.40533823254182,55.84838900308915,10.18756074165479,1.1041592642276419,-52.96921120717505
1730300201269.8062,40.20629925399526,199.8475872962679,66.39474255417319,8.945122621633532,0.6697187919978463,-53.00383493439373
1730300245117.976,30.45229120268401,186.9152994244262,50.06851837008362,0.8173926688088518,0.5472293806174777,-54.997022232811624
1730300333385.6138,39.627731254848236,182.12419265533174,62.404293584188835,9.088507871239464,0.76833624216614,-52.89662139959691
1730300287834.9011,42.23971746154889,177.60909277195884,49.25328564097504,8.02787427162798,0.8750225179054623,-57.953485932336434
1730300398399.1116,39.546350938463846,158.89375011214028,63.78202036425055,7.536971683264263,1.0671951538870978,-54.05548116132438
1730300127938.478,22.713719087755383,171.70564052772875,59.78069509855965,6.686445417388873,1.17055249204915,-53.295102370326724
1730300279782.7314,29.18778738740879,133.47534301250553,47.19273696362286,10.165349715899236,0.6060779507402907,-53.189324701795336
1730300215978.6973,32.870777617031095,176.64143932734436,69.34728971299548,9.759218530403977,0.3044412710309809,-53.135203075515776
1730300401790.4128,34.19989872208585,152.5424383576356,54.210319426880055,5.802456677691991,0.5893158789970656,-52.47267396348232
1730300124146.167,39.53761327697346,149.42945058168837,53.60733014572321,8.516180594848748,0.799634428506124,-50.47769222417142
1730300121236.1353,36.13603872583708,184.1731943791838,61.663207502504946,5.345284194427451,0.4175344605412179,-49.021372577454116
1730300143492.228,24.517365116252016,216.98481645441615,69.21896264389355,4.407012658987735,0.4195972379684352,-54.640151639048966
1730300002313.036,37.69101180907529,204.1622018092387,51.969017635081386,6.1386114544073624,0.8257023511929799,-56.68021503123373
1730300150311.565,39.46016018929636,136.79021796912548,60.556310389528115,9.563420949854443,0.7031969837301012,-56.08616335996034
1730300128699.233,39.0701031582349,152.5143660954314,63.48225471963302,9.772094726327953,0.7286224659807613,-54.04091770539911
1730300212927.4714,43.07078691229125,204.77004465476384,65.58854188252278,8.760046468202122,0.4816101836260078,-53.542245353176334
1730300230648.8916,41.17516022406025,152.7076651542372,61.47091905328452,9.247649652207944,0.6464618478512357,-55.083344164645126
1730300372745.9812,38.29751625048278,173.2226887773291,57.13966748544317,8.767159760955836,0.42987295194053143,-57.022719435425785
1730300287015.6106,34.23267052103904,194.1933257033368,53.46915437478126,6.10465484067747,0.9962715667367736,-53.92634351052967
1730300145574.859,22.016955805699403,153.09051281060854,60.75127975348095,8.57337976371012,1.0415511155614032,-51.576228806070645
1730300115800.7864,38.07051076016035,182.15598358209633,51.52019028060652,9.420863911473377,0.1420726909657838,-50.051614233126244
1730300244555.0088,36.366306455563226,143.19157084495913,36.782653690036355,9.314796556045593,0.4282254436728228,-54.299761757215194
1730300076737.5657,36.85692652457482,163.0245311382174,63.54396600860236,10.314384899771452,0.25122321259971386,-53.767384347079705
1730300368605.3438,24.967322066951155,187.95993991377702,67.26877348161274,9.20902982732407,0.5154709543387122,-55.660976850755446
1730300308224.0518,26.47004098608777,136.18133163595178,41.233040539423065,8.38829663019224,0.6923381966262144,-52.36089044372032
1730300155551.1934,42.85863251267223,191.2270796607167,52.01756157977989,10.04124126647664,0.26585867935121565,-55.37246073478743
1730300040352.2727,34.46772895832791,178.77188838354996,64.99917680005925,7.519003688112612,0.43061381839418594,-50.132347668745325
1730300324377.6462,40.004716026375405,194.25931815689236,76.46222822475066,5.5517742371613,0.40498598827145527,-58.82802549680375
1730300188392.8435,34.98892971851964,185.3648100453984,60.23046284553483,7.204961873120868,0.7830856697316837,-53.5706597365225
1730300313630.078,34.99997030177948,216.23059933878935,54.262828433705316,5.866796504582829,0.7400311981587078,-51.13506412286327
